id;title;image_url;banner_link;description;start_date;end_date;is_active
1;trowel;amid;so net;within meaningfully;2023-12-03T09:22:52;2023-12-03T16:19:56;true
2;off;unnaturally unless;angrily;kookily ah;2023-12-03T02:03:20;2023-12-03T00:18:56;false
3;however;well-lit;since;or lively blissfully;2023-12-03T05:31:42;2023-12-03T06:32:40;true
4;phew nor;quinoa loyally;lest past collectivisation;for;2023-12-02T21:41:58;2023-12-03T09:46:57;false
5;orderly;veer;whenever successfully throughout;in guestbook out;2023-12-03T01:41:54;2023-12-03T12:23:21;true
6;er unimportant dad;demonstrate;continually;for;2023-12-03T05:27:18;2023-12-03T06:22:23;true
7;cumbersome meh;likewise;reliable aftershave court;boohoo timely;2023-12-02T18:40:54;2023-12-03T04:11:02;false
8;hm;midst wherever gosh;under noteworthy ham;agonizing as;2023-12-03T05:15:23;2023-12-02T19:12:33;false
9;although disorient trapdoor;um productive;because whoever motorcycle;alongside steam;2023-12-03T02:08:49;2023-12-03T03:29:47;false
10;boo hurtle;although qua morph;mmm because opulent;remodel;2023-12-03T11:16:01;2023-12-03T03:38:59;true
